Technique,Accuracy,F1 score,Precision,Recall
None,0.7574413343388191,0.7119230373022621,0.8185879705583289,0.7574413343388191
